ABRI,Eurostile-DemiObliqueACXB,Arial-CondensedExtraBoldACXB,ArialMT-CondensedExtraBoldAGBO,AvantGardeITCbyBT-BookObliqueAGBO,AvantGarde-BookObliqueAGDO,AvantGardeITCbyBT-BoldObliqueALBD,Eurostile-BoldALBD,EurostileBoldALBI,Arial-BlackItalicALBI,Eurostile-BoldObliqueALBI,ArialMT-BlackItalicALBR,Eurostile-DemiALDO,EurostileALDO,EurostileRegularARBI,Arial-BoldItalicARBI,Arial-BoldItalicMTARBI,ArialMT-BoldItalicARBI,ArialMT-BoldItalicARBL,Arial-BlackARBL,ArialMT-BlackARCB,Arial-CondensedBoldARCB,ArialMT-CondensedBoldARCC,Arial-CondensedARCC,ArialMT-CondensedARCL,Arial-CondensedLightARCL,ArialMT-CondensedLightAREB,Arial-ExtraBoldAREB,ArialMT-ExtraBoldAREI,Arial-ExtraBoldItalicAREI,ArialMT-ExtraBoldItalicARIB,ArialBoldARIB,Arial-BoldMTARIB,ArialMT-BoldARIB,ArialMT-BoldARII,ArialItalicARII,Arial-ItalicMTARII,ArialMT-ItalicARII,ArialMT-ItalicARIL,ArialARIL,ArialMTARIL,ArialMT-MediumARLI,Arial-LightItalicARLI,ArialMT-LightItalicARLL,Arial-LightARLL,ArialMT-LightARMI,Arial-MediumItalicARMI,ArialMT-MediumItalicARMM,Arial-MediumARMM,ArialMT-MediumARRB,ArialRounded-BoldARRB,ArialRoundedMT-BoldARRL,ArialRounded-LightARRL,ArialRoundedMT-LightARRR,ArialRoundedARRR,ArialRoundedMTARXB,ArialRounded-ExtraBoldARXB,ArialRoundedMT-ExtraBoldATBO,Optima-BoldObliqueATHM,OptimaATHM,Optima-RegularATHM,OptimaLTStdATHO,Optima-ItalicAVBO,Avenir-BookAVGB,AvantGardeITCbyBT-BoldAVGD,AvantGardeITCbyBT-DemiAVGD,AvantGarde-DemiAVGL,AvantGardeITCbyBT-ExtraLightAVGM,AvantGardeITCbyBT-MediumAVGO,AvantGardeITCbyBT-DemiObliqueAVGO,AvantGarde-DemiObliqueAVGW,AvantGardeITCbyBT-BookAVGW,AvantGarde-BookAVGW,ITCAvantGardeStd-BkAVHV,Avenir-HeavyAVLT,Avenir-LightAVME,Avenir-MediumAVRO,Avenir-RomanBDBI,BodoniBT-BoldItalicBHBD,Bauhaus-BoldBHDE,Bauhaus-DemiBHHV,Bauhaus-HeavyBHLT,Bauhaus-LightBHMD,Bauhaus-MediumBKDI,Bookman-DemiItalicBKLF,Bookman-LightBKLI,Bookman-LightItalicBKMB,Bookman-DemiBOBD,BodoniBT-BoldBODI,BodoniBT-ItalicBODN,BodoniBT-RomanBRUS,BrushScriptBSBI,Baskerville-BoldItalicBSKB,Baskerville-BoldBSKI,Baskerville-ItalicBSKR,BaskervilleCABD,CachetStd-BoldCACB,CachetStd-BookCACM,CachetStd-MediumCMSB,ComicSansMS-BoldCMSR,ComicSansMSCOBO,CourierCOMS,CommercialScrDCOUB,Courier-BoldCRNB,Ribbon131BT-BoldCTBD,Caslon224ITCbyBT-BoldCTBI,Caslon224ITCbyBT-BoldItalicCTBK,Caslon224ITCbyBT-BlackCTKI,Caslon224ITCbyBT-BookItalicEGBD,Copperplate-ThirtyOneABEGLT,Copperplate-ThirtyTwoABEUOB,Eurostile-ObliqueFCBB,Futura-CondensedBoldFCBB,FuturaStd-CondensedBoldFCBO,Futura-CondensedBoldObliqueFCEB,Futura-CondensedExtraBoldFCEB,FuturaStd-CondensedExtraBdFCEO,Futura-CondExtraBoldOblFCLI,Futura-CondensedLightObliqueFCLO,Futura-CondensedObliqueFCLR,Futura-CondensedLightFCLR,FuturaStd-CondensedLightFCRR,Futura-CondensedMediumFCRR,Futura-CondensedFCRR,FuturaStd-CondensedFEBO,FuturaT-ExtraBoldObliqueFRBD,Frutiger-BoldFRBD,FrutigerLTStd-BoldFRBI,Frutiger-BoldItalicFRBK,Frutiger-BlackFRBK,FrutigerLTStd-BlackFRBO,Futura-BoldObliqueFRBO,FuturaStd-BoldObliqueFRGD,FranklinGothic-DemiFRGO,FranklinGothic-MediumFRIT,Frutiger-ItalicFRIT,FrutigerLTStd-ItalicFRKI,Frutiger-BlackItalicFRLI,Frutiger-LightItalicFRLT,Frutiger-LightFRLT,FrutigerLTStd-LightFRQB,FrizQuadrata-BoldFRQR,FrizQuadrataFRRO,Frutiger-RomanFRRO,FrutigerLTStd-RomanFRUB,Frutiger-UltraBlackFUHO,Futura-HeavyObliqueFUHO,FuturaStd-HeavyObliqueFULO,Futura-LightObliqueFULO,FuturaStd-LightObliqueFURO,Futura-ObliqueFURO,FuturaStd-ObliqueFUTB,Futura-BoldFUTB,FuturaStd-BoldFUTH,Futura-HeavyFUTH,FuturaStd-HeavyFUTL,Futura-LightFUTL,FuturaStd-LightFUTR,FuturaFUTR,Futura-MediumFUTR,FuturaStd-MediumFUTX,Futura-ExtraBoldFUTX,FuturaStd-ExtraBoldFUWO,Futura-BookObliqueFUWO,FuturaStd-BookObliqueFUWR,Futura-BookFUWR,FuturaStd-BookGABI,Garamond-BoldItalicGARB,Garamond-BoldGARL,Garamond-LightGGGB,GaramondThree-BoldGGGR,GaramondGGGR,GaramondThreeGGLI,Garamond-ItalicGLSB,GillSans-BoldGLSB,GillSansMT-BoldGLSL,GillSans-LightGLSR,GillSansGLSR,GillSansMTGLSX,GillSans-ExtraBoldGNBC,GillSans-BoldCondensedGNBI,GillSans-BoldItalicGNBI,GillSansMT-BoldItalicGNCR,GillSans-CondensedGNLI,GillSans-LightItalicGNRI,GillSans-ItalicGNRI,GillSansMT-ItalicGNUB,GillSans-UltraBoldGOBI,Goudy-BoldItalicGOHI,Goudy-HeavyfaceItalicGOUB,Goudy-BoldGOUB,GoudyOldStyleT-BoldGOUB,GoudyOldStyT-BoldGOUF,Goudy-HeavyfaceGOUI,Goudy-ItalicGOUI,GoudyOldStyleT-ItalicGOUI,GoudyOldStyT-ReguItalGOUR,GoudyGOUR,GoudyOldStyleT-RegularGOUR,GoudyOldStyT-ReguGOUX,Goudy-ExtraBoldGOUX,GoudyOldStyT-ExtrBoldGUBC,GillSans-UltraBoldCondensedHEBO,Helvetica-BoldObliqueHELB,Helvetica-BoldHELN,Helvetica-NarrowHELO,Helvetica-ObliqueHELV,HelveticaHENB,Helvetica-Narrow-BoldHENO,Helvetica-Narrow-ObliqueHNBD,HelveticaNeue-BoldHNBD,HelveticaNeueLTStd-BdHNBI,HelveticaNeue-BoldItalicHNBI,HelveticaNeueLTStd-BdItHNBO,Helvetica-Narrow-BoldObliqueHNIT,HelveticaNeue-ItalicHNIT,HelveticaNeueLTStd-ItHNRM,HelveticaNeue-RomanHNRM,HelveticaNeueLTStd-RomanHNTH,HelveticaNeue-ThinHNTH,HelveticaNeueLTStd-ThHNTI,HelveticaNeue-ThinItalicHNTI,HelveticaNeueLTStd-ThItHOBO,HoboHOBO,HoboStdHVBK,Helvetica-BlackHVCB,Helvetica-Condensed-BoldHVCO,Helvetica-Condensed-ObliqueHVKI,Helvetica-BlackObliqueLCSA,LucidaSansLGBD,LetterGothicStd-BoldLGBS,LetterGothicStd-BoldSlantedLGOT,LetterGothicStdLGSL,LetterGothicStd-SlantedLIBS,Liberty-VLINO,LinotextLINO,Linotext-DfrLINS,LinoscriptLSBD,LucidaSans-BoldLSBI,LucidaSans-BoldItalicLSIT,LucidaSans-ItalicLUBD,Lucida-BoldLUBI,Lucida-BoldItalicLUIT,Lucida-ItalicLURG,LucidaMEMB,Memphis-BoldMEML,Memphis-LightMEMM,Memphis-MediumMEMX,Memphis-ExtraBoldMICR,MICRMIST,MistralMPBI,Memphis-BoldItalicMPLI,Memphis-LightItalicMPMI,Memphis-MediumItalicNBGB,NEBSGothicBoldNBGO,NEBSGothicNCRF,NewCenturySchlbk-RomanNGBD,NewsGothic-BoldNGOT,NewsGothicOCRA,OCRAStdOCRB,OCRBOFBD,OfficinaSans-BoldOFBK,OfficinaSans-BookOPTB,Optima-BoldOPTB,OptimaLTStd-BoldPABI,Palatino-BoldItalicPABI,PalatinoLinotype-ItalicPALB,Palatino-BoldPALB,PalatinoLinotype-BoldPALI,Palatino-ItalicPALI,PalatinoLinotype-ItalicPALM,Palatino-RomanPALM,PalatinoLinotype-BoldPARK,ParkAvenueRBDC,Copperplate-ThirtyABRGBD,CopperplateRLTC,Copperplate-TwentyNineABSOBI,Souvenir-BoldItalicSODI,Souvenir-DemiItalicSOLI,Souvenir-LightItalicSOVB,Souvenir-BoldSOVD,Souvenir-DemiSOVL,Souvenir-LightSOVM,Souvenir-MediumSRBS,SnellRoundhand-BoldScriptSRKS,SnellRoundhand-BlackScriptSRSC,SnellRoundhand-ScriptSTEN,StencilSTEN,StencilStdTBCO,TradeGothic-BoldCondTwentyOblTGBC,TradeGothic-BoldCondTwentyTGBO,TradeGothic-BoldObliqueTGLO,TradeGothic-LightObliqueTGOO,TradeGothic-ObliqueTIDI,Tiffany-DemiItalicTIFD,Tiffany-DemiTIFF,TiffanyTIFH,Tiffany-HeavyTIFI,Tiffany-ItalicTIHI,Tiffany-HeavyItalicTMRO,Times-RomanTMRO,TimesNewRomanPSMTTMRO,TimesNewRomanPSTRBD,Times-BoldTRBD,TimesNewRomanPS-BoldMTTRBD,TimesNewRomanPS-BoldTRCO,TradeGothic-CondEighteenOblTRGB,TradeGothic-BoldTRGC,TradeGothic-CondEighteenTRGL,TradeGothic-LightTRGO,TradeGothicTRIB,Times-BoldItalicTRIB,TimesNewRomanPS-BoldItalicMTTRIB,TimesNewRomanPS-BoldItalicTRIT,Times-ItalicTRIT,TimesNewRomanPS-ItalicMTTRIT,TimesNewRomanPS-ItalicTRJB,TrajanPro-BoldTRJR,TrajanPro-RegularUBCO,Univers-CondensedBoldObliqueUBKO,Univers-BlackObliqueULCO,Univers-CondensedLightObliqueULCO,Univers-CondensedLightObliqueUMCO,Univers-CondensedObliqueUNBC,Univers-CondensedBoldUNBK,Univers-BlackUNBK,UniversLTStd-BlackUNBO,Univers-BoldObliqueUNIB,Univers-BoldUNIB,UniversLTStd-BoldUNIL,Univers-LightUNIL,UniversLTStd-LightUNIM,UniversUNIM,UniversLTStdUNLC,Univers-CondensedLightUNLO,Univers-LightObliqueUNMC,Univers-CondensedUNMI,Univers-ObliqueZAPD,ZapfDingbatsITCZCMI,ZapfChanceryITCbyBT-Medium