ARIL,Arial
ARBL,Arial-Black
ALBI,Arial-BlackItalic
ARIB,ArialBold
ARBI,Arial-BoldItalic
ARCC,Arial-Condensed
ARCB,Arial-CondensedBold
ACXB,Arial-CondensedExtraBold
ARCL,Arial-CondensedLight
AREB,Arial-ExtraBold
AREI,Arial-ExtraBoldItalic
ARII,ArialItalic
ARLL,Arial-Light
ARLI,Arial-LightItalic
ARMM,Arial-Medium
ARMI,Arial-MediumItalic
ARRR,ArialRounded
ARRB,ArialRounded-Bold
ARXB,ArialRounded-ExtraBold
ARRL,ArialRounded-Light
ARIL,ArialMT
ARII,Arial-ItalicMT
ARIB,Arial-BoldMT
ARBI,Arial-BoldItalicMT
AVGB,AvantGardeITCbyBT-Bold
AGDO,AvantGardeITCbyBT-BoldOblique
AVGW,AvantGardeITCbyBT-Book
AGBO,AvantGardeITCbyBT-BookOblique
AVGD,AvantGardeITCbyBT-Demi
AVGO,AvantGardeITCbyBT-DemiOblique
AVGL,AvantGardeITCbyBT-ExtraLight
AVGM,AvantGardeITCbyBT-Medium
AVBO,Avenir-Book
AVHV,Avenir-Heavy
AVLT,Avenir-Light
AVME,Avenir-Medium
AVRO,Avenir-Roman
BHBD,Bauhaus-Bold
BHDE,Bauhaus-Demi
BHHV,Bauhaus-Heavy
BHLT,Bauhaus-Light
BHMD,Bauhaus-Medium
BODN,BodoniBT-Roman
BOBD,BodoniBT-Bold
BDBI,BodoniBT-BoldItalic
BODI,BodoniBT-Italic
BKMB,Bookman-Demi
BKDI,Bookman-DemiItalic
BKLF,Bookman-Light
BRUS,BrushScript
CABD,CachetStd-Bold
CACB,CachetStd-Book
CACM,CachetStd-Medium
CTBK,Caslon224ITCbyBT-Black
CTBD,Caslon224ITCbyBT-Bold
CTBI,Caslon224ITCbyBT-BoldItalic
CTKI,Caslon224ITCbyBT-BookItalic
CMSB,ComicSansMS-Bold
CMSR,ComicSansMS
COMS,CommercialScrD
RGBD,Copperplate
RLTC,Copperplate-TwentyNineAB
RBDC,Copperplate-ThirtyAB
EGBD,Copperplate-ThirtyOneAB
EGLT,Copperplate-ThirtyTwoAB
COBO,Courier
COUB,Courier-Bold
ALDO,Eurostile
ALBD,Eurostile-Bold
ALBI,Eurostile-BoldOblique
ALBR,Eurostile-Demi
ABRI,Eurostile-DemiOblique
EUOB,Eurostile-Oblique
FRGD,FranklinGothic-Demi
FRGO,FranklinGothic-Medium
FRQR,FrizQuadrata
FRQB,FrizQuadrata-Bold
FRBK,Frutiger-Black
FRKI,Frutiger-BlackItalic
FRBD,Frutiger-Bold
FRBI,Frutiger-BoldItalic
FRIT,Frutiger-Italic
FRLT,Frutiger-Light
FRLI,Frutiger-LightItalic
FRRO,Frutiger-Roman
FRUB,Frutiger-UltraBlack
FUTR,Futura
FUTB,Futura-Bold
FRBO,Futura-BoldOblique
FUWR,Futura-Book
FUWO,Futura-BookOblique
FCRR,Futura-CondensedMedium
FCBB,Futura-CondensedBold
FCBO,Futura-CondensedBoldOblique
FCEB,Futura-CondensedExtraBold
FCLR,Futura-CondensedLight
FCLI,Futura-CondensedLightOblique
FCLO,Futura-CondensedOblique
FUTX,Futura-ExtraBold
FUTH,Futura-Heavy
FUHO,Futura-HeavyOblique
FUTL,Futura-Light
FULO,Futura-LightOblique
FURO,Futura-Oblique
FEBO,FuturaT-ExtraBoldOblique
FCEO,Futura-CondExtraBoldObl
GGGR,Garamond
GARB,Garamond-Bold
GABI,Garamond-BoldItalic
GGLI,Garamond-Italic
GARL,Garamond-Light
GGGB,GaramondThree-Bold
GGGR,GaramondThree
GLSR,GillSans
GLSB,GillSans-Bold
GNBC,GillSans-BoldCondensed
GNBI,GillSans-BoldItalic
GNCR,GillSans-Condensed
GLSX,GillSans-ExtraBold
GLSL,GillSans-Light
GNLI,GillSans-LightItalic
GNUB,GillSans-UltraBold
GUBC,GillSans-UltraBoldCondensed
GOUB,Goudy-Bold
GOUX,Goudy-ExtraBold
GOUF,Goudy-Heavyface
GOHI,Goudy-HeavyfaceItalic
HELV,Helvetica
HVBK,Helvetica-Black
HVKI,Helvetica-BlackOblique
HELB,Helvetica-Bold
HEBO,Helvetica-BoldOblique
HVCB,Helvetica-Condensed-Bold
HVCO,Helvetica-Condensed-Oblique
HELN,Helvetica-Narrow
HENB,Helvetica-Narrow-Bold
HNBO,Helvetica-Narrow-BoldOblique
HENO,Helvetica-Narrow-Oblique
HELO,Helvetica-Oblique
HNBD,HelveticaNeue-Bold
HNBI,HelveticaNeue-BoldItalic
HNIT,HelveticaNeue-Italic
HNRM,HelveticaNeue-Roman
HNTH,HelveticaNeue-Thin
HNTI,HelveticaNeue-ThinItalic
HOBO,Hobo
LGOT,LetterGothicStd
LGBD,LetterGothicStd-Bold
LGBS,LetterGothicStd-BoldSlanted
LGSL,LetterGothicStd-Slanted
LIBS,Liberty-V
LINS,Linoscript
LINO,Linotext
LUBD,Lucida-Bold
LUBI,Lucida-BoldItalic
LUIT,Lucida-Italic
LURG,Lucida
LCSA,LucidaSans
LSBD,LucidaSans-Bold
LSBI,LucidaSans-BoldItalic
LSIT,LucidaSans-Italic
MEMM,Memphis-Medium
MEMB,Memphis-Bold
MPBI,Memphis-BoldItalic
MEMX,Memphis-ExtraBold
MPMI,Memphis-MediumItalic
MEML,Memphis-Light
MPLI,Memphis-LightItalic
MICR,MICR
MIST,Mistral
NBGO,NEBSGothic
NBGB,NEBSGothicBold
NCRF,NewCenturySchlbk-Roman
NGOT,NewsGothic
NGBD,NewsGothic-Bold
BSKB,Baskerville-Bold
BSBI,Baskerville-BoldItalic
BSKI,Baskerville-Italic
BSKR,Baskerville
OCRA,OCRAStd
OCRB,OCRB
OFBD,OfficinaSans-Bold
OFBK,OfficinaSans-Book
ATHM,Optima
OPTB,Optima-Bold
ATBO,Optima-BoldOblique
ATHO,Optima-Italic
PALM,Palatino-Roman
PALB,Palatino-Bold
PABI,Palatino-BoldItalic
PALI,Palatino-Italic
PARK,ParkAvenue
CRNB,Ribbon131BT-Bold
SRKS,SnellRoundhand-BlackScript
SRBS,SnellRoundhand-BoldScript
SRSC,SnellRoundhand-Script
SOVD,Souvenir-Demi
SOVB,Souvenir-Bold
SOBI,Souvenir-BoldItalic
SODI,Souvenir-DemiItalic
SOVL,Souvenir-Light
SOLI,Souvenir-LightItalic
SOVM,Souvenir-Medium
STEN,Stencil
TIFF,Tiffany
TIFD,Tiffany-Demi
TIDI,Tiffany-DemiItalic
TIFH,Tiffany-Heavy
TIHI,Tiffany-HeavyItalic
TIFI,Tiffany-Italic
TMRO,Times-Roman
TRBD,Times-Bold
TRIB,Times-BoldItalic
TRIT,Times-Italic
TRGO,TradeGothic
TRGB,TradeGothic-Bold
TGBC,TradeGothic-BoldCondTwenty
TBCO,TradeGothic-BoldCondTwentyObl
TGBO,TradeGothic-BoldOblique
TRGC,TradeGothic-CondEighteen
TRCO,TradeGothic-CondEighteenObl
TRGL,TradeGothic-Light
TGLO,TradeGothic-LightOblique
TGOO,TradeGothic-Oblique
TRJB,TrajanPro-Bold
TRJR,TrajanPro-Regular
UNIL,Univers-Light
UNLO,Univers-LightOblique
UNLC,Univers-CondensedLight
ULCO,Univers-CondensedLightOblique
UNBK,Univers-Black
UBKO,Univers-BlackOblique
UNIB,Univers-Bold
UNBC,Univers-CondensedBold
UNBO,Univers-BoldOblique
UBCO,Univers-CondensedBoldOblique
ULCO,Univers-CondensedLightOblique
UMCO,Univers-CondensedOblique
UNIM,Univers
UNMC,Univers-Condensed
UNMI,Univers-Oblique
ZCMI,ZapfChanceryITCbyBT-Medium
ZAPD,ZapfDingbatsITC